{
  "backend": "iqm_star_crystal",
  "qubits": 100,
  "orientation": [
    0.792593923901217,
    0.22645540682891915,
    0.4529108136578383,
    0.3396831102433787
  ],
  "pulses": [
    {
      "name": "spin4_resonance",
      "targets": [
        0,
        1,
        2,
        3,
        4,
        5,
        6,
        7,
        8,
        9,
        10,
        11,
        12,
        13,
        14,
        15,
        16,
        17,
        18,
        19,
        20,
        21,
        22,
        23,
        24,
        25,
        26,
        27,
        28,
        29,
        30,
        31,
        32,
        33,
        34,
        35,
        36,
        37,
        38,
        39,
        40,
        41,
        42,
        43,
        44,
        45,
        46,
        47,
        48,
        49,
        50,
        51,
        52,
        53,
        54,
        55,
        56,
        57,
        58,
        59,
        60,
        61,
        62,
        63,
        64,
        65,
        66,
        67,
        68,
        69,
        70,
        71,
        72,
        73,
        74,
        75,
        76,
        77,
        78,
        79,
        80,
        81,
        82,
        83,
        84,
        85,
        86,
        87,
        88,
        89,
        90,
        91,
        92,
        93,
        94,
        95,
        96,
        97,
        98,
        99
      ],
      "orientation": [
        0.792593923901217,
        0.22645540682891915,
        0.4529108136578383,
        0.3396831102433787
      ],
      "amplitude": 0.45,
      "duration_ns": 250
    }
  ],
  "control_upgrade": {
    "dual_awg_channels_per_qubit": true,
    "phase_coherent_lo": true,
    "firmware": "quaternion_pulse_compiler",
    "cost_usd": 250000
  },
  "flux_schedule": {
    "0": {
      "coupler": [
        0,
        1
      ],
      "flux_bias": -0.25
    },
    "1": {
      "coupler": [
        1,
        2
      ],
      "flux_bias": -0.2
    },
    "2": {
      "coupler": [
        2,
        3
      ],
      "flux_bias": -0.15000000000000002
    },
    "3": {
      "coupler": [
        3,
        4
      ],
      "flux_bias": -0.1
    },
    "4": {
      "coupler": [
        4,
        5
      ],
      "flux_bias": -0.05
    },
    "5": {
      "coupler": [
        5,
        6
      ],
      "flux_bias": 0.0
    },
    "6": {
      "coupler": [
        6,
        7
      ],
      "flux_bias": 0.05
    },
    "7": {
      "coupler": [
        7,
        8
      ],
      "flux_bias": 0.1
    },
    "8": {
      "coupler": [
        8,
        9
      ],
      "flux_bias": 0.15000000000000002
    },
    "9": {
      "coupler": [
        9,
        10
      ],
      "flux_bias": 0.2
    },
    "10": {
      "coupler": [
        10,
        11
      ],
      "flux_bias": -0.25
    },
    "11": {
      "coupler": [
        11,
        12
      ],
      "flux_bias": -0.2
    },
    "12": {
      "coupler": [
        12,
        13
      ],
      "flux_bias": -0.15000000000000002
    },
    "13": {
      "coupler": [
        13,
        14
      ],
      "flux_bias": -0.1
    },
    "14": {
      "coupler": [
        14,
        15
      ],
      "flux_bias": -0.05
    },
    "15": {
      "coupler": [
        15,
        16
      ],
      "flux_bias": 0.0
    },
    "16": {
      "coupler": [
        16,
        17
      ],
      "flux_bias": 0.05
    },
    "17": {
      "coupler": [
        17,
        18
      ],
      "flux_bias": 0.1
    },
    "18": {
      "coupler": [
        18,
        19
      ],
      "flux_bias": 0.15000000000000002
    },
    "19": {
      "coupler": [
        19,
        20
      ],
      "flux_bias": 0.2
    },
    "20": {
      "coupler": [
        20,
        21
      ],
      "flux_bias": -0.25
    },
    "21": {
      "coupler": [
        21,
        22
      ],
      "flux_bias": -0.2
    },
    "22": {
      "coupler": [
        22,
        23
      ],
      "flux_bias": -0.15000000000000002
    },
    "23": {
      "coupler": [
        23,
        24
      ],
      "flux_bias": -0.1
    },
    "24": {
      "coupler": [
        24,
        25
      ],
      "flux_bias": -0.05
    },
    "25": {
      "coupler": [
        25,
        26
      ],
      "flux_bias": 0.0
    },
    "26": {
      "coupler": [
        26,
        27
      ],
      "flux_bias": 0.05
    },
    "27": {
      "coupler": [
        27,
        28
      ],
      "flux_bias": 0.1
    },
    "28": {
      "coupler": [
        28,
        29
      ],
      "flux_bias": 0.15000000000000002
    },
    "29": {
      "coupler": [
        29,
        30
      ],
      "flux_bias": 0.2
    },
    "30": {
      "coupler": [
        30,
        31
      ],
      "flux_bias": -0.25
    },
    "31": {
      "coupler": [
        31,
        32
      ],
      "flux_bias": -0.2
    },
    "32": {
      "coupler": [
        32,
        33
      ],
      "flux_bias": -0.15000000000000002
    },
    "33": {
      "coupler": [
        33,
        34
      ],
      "flux_bias": -0.1
    },
    "34": {
      "coupler": [
        34,
        35
      ],
      "flux_bias": -0.05
    },
    "35": {
      "coupler": [
        35,
        36
      ],
      "flux_bias": 0.0
    },
    "36": {
      "coupler": [
        36,
        37
      ],
      "flux_bias": 0.05
    },
    "37": {
      "coupler": [
        37,
        38
      ],
      "flux_bias": 0.1
    },
    "38": {
      "coupler": [
        38,
        39
      ],
      "flux_bias": 0.15000000000000002
    },
    "39": {
      "coupler": [
        39,
        40
      ],
      "flux_bias": 0.2
    },
    "40": {
      "coupler": [
        40,
        41
      ],
      "flux_bias": -0.25
    },
    "41": {
      "coupler": [
        41,
        42
      ],
      "flux_bias": -0.2
    },
    "42": {
      "coupler": [
        42,
        43
      ],
      "flux_bias": -0.15000000000000002
    },
    "43": {
      "coupler": [
        43,
        44
      ],
      "flux_bias": -0.1
    },
    "44": {
      "coupler": [
        44,
        45
      ],
      "flux_bias": -0.05
    },
    "45": {
      "coupler": [
        45,
        46
      ],
      "flux_bias": 0.0
    },
    "46": {
      "coupler": [
        46,
        47
      ],
      "flux_bias": 0.05
    },
    "47": {
      "coupler": [
        47,
        48
      ],
      "flux_bias": 0.1
    },
    "48": {
      "coupler": [
        48,
        49
      ],
      "flux_bias": 0.15000000000000002
    },
    "49": {
      "coupler": [
        49,
        50
      ],
      "flux_bias": 0.2
    },
    "50": {
      "coupler": [
        50,
        51
      ],
      "flux_bias": -0.25
    },
    "51": {
      "coupler": [
        51,
        52
      ],
      "flux_bias": -0.2
    },
    "52": {
      "coupler": [
        52,
        53
      ],
      "flux_bias": -0.15000000000000002
    },
    "53": {
      "coupler": [
        53,
        54
      ],
      "flux_bias": -0.1
    },
    "54": {
      "coupler": [
        54,
        55
      ],
      "flux_bias": -0.05
    },
    "55": {
      "coupler": [
        55,
        56
      ],
      "flux_bias": 0.0
    },
    "56": {
      "coupler": [
        56,
        57
      ],
      "flux_bias": 0.05
    },
    "57": {
      "coupler": [
        57,
        58
      ],
      "flux_bias": 0.1
    },
    "58": {
      "coupler": [
        58,
        59
      ],
      "flux_bias": 0.15000000000000002
    },
    "59": {
      "coupler": [
        59,
        60
      ],
      "flux_bias": 0.2
    },
    "60": {
      "coupler": [
        60,
        61
      ],
      "flux_bias": -0.25
    },
    "61": {
      "coupler": [
        61,
        62
      ],
      "flux_bias": -0.2
    },
    "62": {
      "coupler": [
        62,
        63
      ],
      "flux_bias": -0.15000000000000002
    },
    "63": {
      "coupler": [
        63,
        64
      ],