{
  "backend": "ibm_torino",
  "qubits": 40,
  "orientation": [
    0.8742420044100528,
    0.03419539629932123,
    0.37602769096076016,
    0.3051798948616122
  ],
  "pulses": [
    {
      "name": "resonance_4d_map",
      "target_qubits": [
        0,
        1,
        2,
        3,
        4,
        5,
        6,
        7,
        8,
        9,
        10,
        11,
        12,
        13,
        14,
        15,
        16,
        17,
        18,
        19,
        20,
        21,
        22,
        23,
        24,
        25,
        26,
        27,
        28,
        29,
        30,
        31,
        32,
        33,
        34,
        35,
        36,
        37,
        38,
        39
      ],
      "orientation": [
        0.8742420044100528,
        0.03419539629932123,
        0.37602769096076016,
        0.3051798948616122
      ],
      "amplitude": 0.5,
      "duration_ns": 200
    }
  ],
  "timestamp": 1770183911.0578244
}