{"mean": 1.2054878419382926, "std": 0.33825230092491704, "values": [1.7575695081631535, 1.191569523629517, 0.9990986557188717, 0.8737136802416279]}