{"timestamp": 1769950860.6462846, "event": "NON_CAUSAL_RESOLUTION", "payload": {"statevector": {"timestamp": 1769950898.7481031, "event": "NON_CAUSAL_RESOLUTION", "payload": {"statevector": [[1.0, -0.0], [0.0, -0.0], [0.0, -0.0], [0.0, -0.0]], "\u0393": 1.0}, "\u039b\u03a6": 2.176435e-08}{"timestamp": 1769951413.1920967, "event": "NON_CAUSAL_RESOLUTION", "payload": {"statevector": [[1.0, -0.0], [0.0, -0.0], [0.0, -0.0], [0.0, -0.0]], "\u0393": 1.0}, "\u039b\u03a6": 2.176435e-08}{"timestamp": 1769951554.6419418, "event": "NON_CAUSAL_RESOLUTION", "payload": {"statevector": [[1.0, -0.0], [0.0, -0.0], [0.0, -0.0], [0.0, -0.0]], "\u0393": 1.0}, "\u039b\u03a6": 2.176435e-08}{"timestamp": 1769951698.143743, "event": "NON_CAUSAL_RESOLUTION", "payload": {"statevector": [[1.0, -0.0], [0.0, -0.0], [0.0, -0.0], [0.0, -0.0]], "\u0393": 1.0}, "LAMBDA_PHI": 2.176435e-08}{"timestamp": 1769951737.4896872, "event": "NON_CAUSAL_RESOLUTION", "payload": {"statevector": [[1.0, -0.0], [0.0, -0.0], [0.0, -0.0], [0.0, -0.0]], "\u0393": 1.0}, "LAMBDA_PHI": 2.176435e-08}{"timestamp": 1769951776.1280663, "event": "NON_CAUSAL_RESOLUTION", "payload": {"statevector": [[1.0, -0.0], [0.0, -0.0], [0.0, -0.0], [0.0, -0.0]], "\u0393": 1.0}, "LAMBDA_PHI": 2.176435e-08}{"timestamp": 1769951781.5210786, "event": "NON_CAUSAL_RESOLUTION", "payload": {"statevector": [[1.0, -0.0], [0.0, -0.0], [0.0, -0.0], [0.0, -0.0]], "\u0393": 1.0}, "LAMBDA_PHI": 2.176435e-08}{"timestamp": 1769951810.3803687, "event": "NON_CAUSAL_RESOLUTION", "payload": {"statevector": [[1.0, -0.0], [0.0, -0.0], [0.0, -0.0], [0.0, -0.0]], "\u0393": 1.0}, "LAMBDA_PHI": 2.176435e-08}
{"timestamp": 1769951963.4206583, "event": "NON_CAUSAL_RESOLUTION", "payload": {"statevector": [[1.0, -0.0], [0.0, -0.0], [0.0, -0.0], [0.0, -0.0]], "\u0393": 1.0}, "LAMBDA_PHI": 2.176435e-08}
