{"peak_angle": 52.0, "error_deg": 0.15699999999999648, "peak_fidelity": 0.9999906143976337}