{
  "timestamp": "2026-02-01T11:49:45.166103",
  "n_qubits": 5,
  "theta_lock_deg": 51.843,
  "topologies": {
    "star": {
      "angles_deg": [
        0.0,
        5.0,
        10.0,
        14.999999999999998,
        20.0,
        25.0,
        29.999999999999996,
        35.0,
        40.0,
        45.0,
        50.0,
        55.0,
        59.99999999999999,
        65.0,
        70.0,
        75.00000000000001,
        80.0,
        85.0,
        90.0,
        95.0,
        100.0,
        104.99999999999999,
        110.0,
        114.99999999999999,
        119.99999999999999,
        124.99999999999999,
        130.0,
        135.0,
        140.0,
        145.0,
        150.00000000000003,
        155.0,
        160.0,
        164.99999999999997,
        170.0,
        175.00000000000003,
        180.0
      ],
      "fidelities": [
        0.3463370320022098,
        0.42321420502560103,
        0.5055880125964702,
        0.5909520115743253,
        0.6762669315695998,
        0.758122460591635,
        0.8329484730829356,
        0.8972586868169071,
        0.9479048818252434,
        0.9823173325304997,
        0.9987074322561981,
        0.99621169500405,
        0.974962078334646,
        0.9360752040586254,
        0.8815616174558856,
        0.8141646463751581,
        0.7371456446257992,
        0.6540375445881147,
        0.5683911090541222,
        0.48353783931372674,
        0.4023903350592579,
        0.327295537400288,
        0.25994951303847086,
        0.20137519353362368,
        0.1519577108229781,
        0.11152648128762387,
        0.07946956143656149,
        0.054864302476473246,
        0.03660892512381208,
        0.023541993010874125,
        0.01454034695500187,
        0.008590228526167434,
        0.004830424479809159,
        0.002569755507400489,
        0.0012837344035010717,
        0.0005965573254275662,
        0.00025479954773478765
      ],
      "peak_angle": 50.0,
      "peak_fidelity": 0.9987074322561981,
      "error_deg": 1.8430000000000035,
      "error_pct": 3.5549640260015885,
      "status": "PASS"
    },
    "ring": {
      "angles_deg": [
        0.0,
        5.0,
        10.0,
        14.999999999999998,
        20.0,
        25.0,
        29.999999999999996,
        35.0,
        40.0,
        45.0,
        50.0,
        55.0,
        59.99999999999999,
        65.0,
        70.0,
        75.00000000000001,
        80.0,
        85.0,
        90.0,
        95.0,
        100.0,
        104.99999999999999,
        110.0,
        114.99999999999999,
        119.99999999999999,
        124.99999999999999,
        130.0,
        135.0,
        140.0,
        145.0,
        150.00000000000003,
        155.0,
        160.0,
        164.99999999999997,
        170.0,
        175.00000000000003,
        180.0
      ],
      "fidelities": [
        0.3463370320022099,
        0.4232142050256013,
        0.5055880125964706,
        0.5909520115743251,
        0.6762669315695998,
        0.758122460591635,
        0.832948473082936,
        0.8972586868169076,
        0.9479048818252431,
        0.9823173325304999,
        0.9987074322561985,
        0.99621169500405,
        0.9749620783346464,
        0.9360752040586259,
        0.881561617455886,
        0.8141646463751586,
        0.7371456446257992,
        0.654037544588115,
        0.5683911090541222,
        0.48353783931372657,
        0.4023903350592581,
        0.3272955374002884,
        0.2599495130384712,
        0.20137519353362396,
        0.1519577108229783,
        0.11152648128762409,
        0.07946956143656161,
        0.054864302476473364,
        0.03660892512381206,
        0.02354199301087414,
        0.014540346955001907,
        0.008590228526167452,
        0.004830424479809165,
        0.002569755507400489,
        0.001283734403501084,
        0.0005965573254275674,
        0.0002547995477347892
      ],
      "peak_angle": 50.0,
      "peak_fidelity": 0.9987074322561985,
      "error_deg": 1.8430000000000035,
      "error_pct": 3.5549640260015885,
      "status": "PASS"
    },
    "fully_connected": {
      "angles_deg": [
        0.0,
        5.0,
        10.0,
        14.999999999999998,
        20.0,
        25.0,
        29.999999999999996,
        35.0,
        40.0,
        45.0,
        50.0,
        55.0,
        59.99999999999999,
        65.0,
        70.0,
        75.00000000000001,
        80.0,
        85.0,
        90.0,
        95.0,
        100.0,
        104.99999999999999,
        110.0,
        114.99999999999999,
        119.99999999999999,
        124.99999999999999,
        130.0,
        135.0,
        140.0,
        145.0,
        150.00000000000003,
        155.0,
        160.0,
        164.99999999999997,
        170.0,
        175.00000000000003,
        180.0
      ],
      "fidelities": [
        0.3463370320022098,
        0.4232142050256013,
        0.5055880125964702,
        0.5909520115743251,
        0.6762669315695998,
        0.7581224605916347,
        0.8329484730829358,
        0.8972586868169076,
        0.9479048818252434,
        0.9823173325304997,
        0.9987074322561985,
        0.9962116950040498,
        0.974962078334646,
        0.9360752040586259,
        0.8815616174558856,
        0.8141646463751581,
        0.7371456446257992,
        0.6540375445881148,
        0.5683911090541218,
        0.4835378393137263,
        0.40239033505925775,
        0.327295537400288,
        0.25994951303847086,
        0.20137519353362374,
        0.15195771082297824,
        0.11152648128762387,
        0.07946956143656149,
        0.05486430247647321,
        0.036608925123812024,
        0.023541993010874115,
        0.014540346955001877,
        0.008590228526167445,
        0.004830424479809152,
        0.0025697555074004883,
        0.001283734403501082,
        0.0005965573254275686,
        0.0002547995477347903
      ],
      "peak_angle": 50.0,
      "peak_fidelity": 0.9987074322561985,
      "error_deg": 1.8430000000000035,
      "error_pct": 3.5549640260015885,
      "status": "PASS"
    }
  }
}